{
  "summary": {
    "num_samples": 10,
    "failed_queries": 0
  },
  "ragas_scores": {
    "faithfulness": 1.0,
    "answer_relevancy": 0.5779847123419414,
    "context_precision": 0.9999999999549999,
    "context_recall": 0.925,
    "ragas_score": 0.8757461780742353
  },
  "ranking_metrics": {
    "mrr": 1.0,
    "hit_rate@1": 1.0,
    "hit_rate@3": 1.0,
    "hit_rate@5": 1.0,
    "hit_rate@10": 1.0
  },
  "latency_metrics": {
    "avg_ms": 2536.970591545105,
    "p50_ms": 2708.1520557403564,
    "p95_ms": 5889.480352401733,
    "p99_ms": 5889.480352401733
  },
  "cost_metrics": {
    "total_tokens": 19969,
    "avg_tokens_per_query": 1996.9,
    "estimated_cost_usd": 0.0299535
  }
}